Boro,avg_volume
Bronx,129.38119594969018
Brooklyn,96.95117540687161
Manhattan,150.9487759571094
Queens,103.5759468069874
Staten Island,88.59314734291499
