weekday_index,avg_volume
0,109.52722485679675
1,116.29049365768766
2,115.4715485617521
3,117.57453162671561
4,117.6270486249579
5,115.26551373738462
6,101.82576629495475
