is_weekend,avg_volume
False,115.30367972556745
True,108.5458081452527
